{"adj":[[0,0,0,0,0,0],[0,0,0,0,1,0],[0,0,0,1,1,1],[0,0,1,0,1,0],[0,1,1,1,0,0],[0,0,1,0,0,0]],"n":5,"m":10,"directed":true,"networkLabel":[null,"v1","v2","v3","v4","v5"],"networkDegree":[[0,0,0],[1,1,1],[3,3,3],[2,2,2],[3,3,3],[1,1,1]],"networkAverageDegree":2,"networkDegreeDistribution":[[0,0,0],["1",2,40],["2",1,20],["3",2,40]],"networkDensity":0.5,"networkClustering":[[0],[0],[0.3333333333333333],[1],[0.3333333333333333],[0]],"networkAverageClustering":0.3333333333333333,"networkShortestPath":[[0,0,0,0,0,0],[0,0,2,2,1,3],[0,2,0,1,1,1],[0,2,1,0,1,2],[0,1,1,1,0,2],[0,3,1,2,2,0]],"networkAverageShortestPath":1.6,"networkDiameter":3,"networkCentrality":[[0,0,0,0,0],[0.125,0,0.5,0,8],[0.2,3,0.8,0.5,5],[0.16666666666666666,0,0.6666666666666666,0,6],[0.2,3,0.8,0.5,5],[0.125,0,0.5,0,8]],"networkVertexEfficiency":[[0,0,0,0,0,0],[0,0,0.5,0.5,1,0.3333333333333333],[0,0.5,0,1,1,1],[0,0.5,1,0,1,0.5],[0,1,1,1,0,0.5],[0,0.3333333333333333,1,0.5,0.5,0]],"networkGlobalEfficiency":0.7333333333333334}