{"numberOfSentences":18,"vocabulary":16,"vocabularyByNumberOfSentences":0.8888888888888888,"rows":[["e0","animal-be",3,13,2,0.1111111111111111,0.14285714285714285,0.015873015873015872],["e1","be-alive",13,1,1,0.05555555555555555,0.07692307692307693,0.004273504273504274],["e2","mammal-be",4,13,1,0.05555555555555555,0.0625,0.003472222222222222],["e3","be-animal",13,3,1,0.05555555555555555,0.06666666666666667,0.0037037037037037034],["e4","human-be",4,13,1,0.05555555555555555,0.0625,0.003472222222222222],["e5","be-mammal",13,4,3,0.16666666666666666,0.21428571428571427,0.03571428571428571],["e6","alice-be",4,13,2,0.1111111111111111,0.13333333333333333,0.014814814814814814],["e7","be-human",13,4,3,0.16666666666666666,0.21428571428571427,0.03571428571428571],["e8","home-be",2,13,1,0.05555555555555555,0.07142857142857142,0.003968253968253968],["e9","be-shelter",13,1,1,0.05555555555555555,0.07692307692307693,0.004273504273504274],["e10","house-be",7,13,2,0.1111111111111111,0.1111111111111111,0.012345679012345678],["e11","human-creation",4,1,1,0.05555555555555555,0.25,0.013888888888888888],["e12","be-home",13,2,1,0.05555555555555555,0.07142857142857142,0.003968253968253968],["e13","alice-have",4,4,1,0.05555555555555555,0.14285714285714285,0.007936507936507936],["e14","have-house",4,7,2,0.1111111111111111,0.2222222222222222,0.024691358024691357],["e15","house-alice",7,4,1,0.05555555555555555,0.1,0.005555555555555556],["e16","be-blue",13,1,1,0.05555555555555555,0.07692307692307693,0.004273504273504274],["e17","pedro-be",4,13,2,0.1111111111111111,0.13333333333333333,0.014814814814814814],["e18","pedro-have",4,4,2,0.1111111111111111,0.3333333333333333,0.037037037037037035],["e19","house-pedro",7,4,1,0.05555555555555555,0.1,0.005555555555555556],["e20","be-green",13,1,1,0.05555555555555555,0.07692307692307693,0.004273504273504274],["e21","dog-be",2,13,1,0.05555555555555555,0.07142857142857142,0.003968253968253968],["e22","bob-be",2,13,1,0.05555555555555555,0.07142857142857142,0.003968253968253968],["e23","be-dog",13,2,1,0.05555555555555555,0.07142857142857142,0.003968253968253968],["e24","have-bob",4,2,1,0.05555555555555555,0.2,0.011111111111111112],["e25","alice-house",4,7,1,0.05555555555555555,0.1,0.005555555555555556],["e26","house-have",7,4,1,0.05555555555555555,0.1,0.005555555555555556]]}