{"adj":[[0,0,0,0,0,0,0,0,0,0,0,0,0,0,0,0,0],[0,0,1,0,0,0,0,0,0,0,0,0,0,0,0,0,0],[0,1,0,1,1,1,0,1,1,0,0,0,1,0,1,1,1],[0,0,1,0,0,0,0,0,0,0,0,0,0,0,0,0,0],[0,0,1,0,0,0,0,0,0,0,0,0,0,0,0,0,0],[0,0,1,0,0,0,0,0,0,0,1,0,0,0,0,0,0],[0,0,2,0,0,0,0,0,0,1,0,1,0,0,0,0,0],[0,0,1,0,0,0,0,0,0,0,0,0,0,0,0,0,0],[0,0,1,0,0,0,0,0,0,0,0,0,0,0,0,0,0],[0,0,2,0,0,0,1,0,0,0,0,0,0,1,0,0,0],[0,0,0,0,0,1,0,0,0,0,0,0,0,0,0,0,0],[0,0,0,0,0,0,1,0,0,2,0,0,0,0,0,0,1],[0,0,1,0,0,0,0,0,0,0,0,0,0,0,0,0,0],[0,0,2,0,0,0,0,0,0,1,0,2,0,0,0,0,0],[0,0,1,0,0,0,0,0,0,0,0,0,0,0,0,0,0],[0,0,1,0,0,0,0,0,0,0,0,0,0,0,0,0,0],[0,0,1,0,0,0,0,0,0,0,0,1,0,0,0,0,0]],"n":16,"m":25,"directed":true,"networkLabel":[null,"animal","be","alive","mammal","human","alice","home","shelter","house","creation","have","blue","pedro","green","dog","bob"],"networkDegree":[[0,0,0],[1,1,1],[9,9,9],[0,1,1],[1,1,1],[2,1,2],[2,1,2],[1,1,1],[0,1,1],[3,1,3],[0,1,1],[2,2,2],[0,1,1],[2,1,2],[0,1,1],[1,1,1],[1,1,1]],"networkAverageDegree":1.875,"networkDegreeDistribution":[[0,0,0],[0,0,0],[0,0,0],[0,0,0],[0,0,0],[0,0,0],["1",10,62.5],["2",4,25],["3",1,6.25],["9",1,6.25]],"networkDensity":0.10416666666666667,"networkClustering":[[0],[0],[0],[0],[0],[0],[0],[0],[0],[0],[0],[0],[0],[0],[0],[0],[0]],"networkAverageClustering":0,"networkShortestPath":[[0,0,0,0,0,0,0,0,0,0,0,0,0,0,0,0,0],[0,0,1,2,2,2,4,2,2,5,3,3,2,5,2,2,2],[0,1,0,1,1,1,3,1,1,4,2,2,1,4,1,1,1],[0,2,1,0,2,2,4,2,2,5,3,3,2,5,2,2,2],[0,2,1,2,0,2,4,2,2,5,3,3,2,5,2,2,2],[0,2,1,2,2,0,4,2,2,5,1,3,2,5,2,2,2],[0,2,2,2,2,2,0,2,2,1,3,1,2,2,2,2,2],[0,2,1,2,2,2,4,0,2,5,3,3,2,5,2,2,2],[0,2,1,2,2,2,4,2,0,5,3,3,2,5,2,2,2],[0,2,2,2,2,2,1,2,2,0,3,2,2,1,2,2,2],[0,3,2,3,3,1,5,3,3,6,0,4,3,6,3,3,3],[0,3,4,3,3,3,1,3,3,2,4,0,3,2,3,3,1],[0,2,1,2,2,2,4,2,2,5,3,3,0,5,2,2,2],[0,2,2,2,2,2,2,2,2,1,3,2,2,0,2,2,2],[0,2,1,2,2,2,4,2,2,5,3,3,2,5,0,2,2],[0,2,1,2,2,2,4,2,2,5,3,3,2,5,2,0,2],[0,2,1,2,2,2,2,2,2,3,3,1,2,3,2,2,0]],"networkAverageShortestPath":2.4375,"networkDiameter":6,"networkCentrality":[[0,0,0,0,0],[0.02564102564102564,0,0.38461538461538464,0,39],[0.04,79,0.6,0.7523809523809524,25],[0.02564102564102564,0,0.38461538461538464,0,39],[0.02564102564102564,0,0.38461538461538464,0,39],[0.02702702702702703,14,0.40540540540540543,0.13333333333333333,37],[0.034482758620689655,4.690476190476191,0.5172413793103449,0.04467120181405896,29],[0.02564102564102564,0,0.38461538461538464,0,39],[0.02564102564102564,0,0.38461538461538464,0,39],[0.034482758620689655,1,0.5172413793103449,0.009523809523809525,29],[0.0196078431372549,0,0.29411764705882354,0,51],[0.024390243902439025,21.333333333333336,0.36585365853658536,0.2031746031746032,41],[0.02564102564102564,0,0.38461538461538464,0,39],[0.03333333333333333,0,0.5,0,30],[0.02564102564102564,0,0.38461538461538464,0,39],[0.02564102564102564,0,0.38461538461538464,0,39],[0.03225806451612903,29.428571428571427,0.4838709677419355,0.2802721088435374,31]],"networkVertexEfficiency":[[0,0,0,0,0,0,0,0,0,0,0,0,0,0,0,0,0],[0,0,1,0.5,0.5,0.5,0.25,0.5,0.5,0.2,0.3333333333333333,0.3333333333333333,0.5,0.2,0.5,0.5,0.5],[0,1,0,1,1,1,0.3333333333333333,1,1,0.25,0.5,0.5,1,0.25,1,1,1],[0,0.5,1,0,0.5,0.5,0.25,0.5,0.5,0.2,0.3333333333333333,0.3333333333333333,0.5,0.2,0.5,0.5,0.5],[0,0.5,1,0.5,0,0.5,0.25,0.5,0.5,0.2,0.3333333333333333,0.3333333333333333,0.5,0.2,0.5,0.5,0.5],[0,0.5,1,0.5,0.5,0,0.25,0.5,0.5,0.2,1,0.3333333333333333,0.5,0.2,0.5,0.5,0.5],[0,0.5,0.5,0.5,0.5,0.5,0,0.5,0.5,1,0.3333333333333333,1,0.5,0.5,0.5,0.5,0.5],[0,0.5,1,0.5,0.5,0.5,0.25,0,0.5,0.2,0.3333333333333333,0.3333333333333333,0.5,0.2,0.5,0.5,0.5],[0,0.5,1,0.5,0.5,0.5,0.25,0.5,0,0.2,0.3333333333333333,0.3333333333333333,0.5,0.2,0.5,0.5,0.5],[0,0.5,0.5,0.5,0.5,0.5,1,0.5,0.5,0,0.3333333333333333,0.5,0.5,1,0.5,0.5,0.5],[0,0.3333333333333333,0.5,0.3333333333333333,0.3333333333333333,1,0.2,0.3333333333333333,0.3333333333333333,0.16666666666666666,0,0.25,0.3333333333333333,0.16666666666666666,0.3333333333333333,0.3333333333333333,0.3333333333333333],[0,0.3333333333333333,0.25,0.3333333333333333,0.3333333333333333,0.3333333333333333,1,0.3333333333333333,0.3333333333333333,0.5,0.25,0,0.3333333333333333,0.5,0.3333333333333333,0.3333333333333333,1],[0,0.5,1,0.5,0.5,0.5,0.25,0.5,0.5,0.2,0.3333333333333333,0.3333333333333333,0,0.2,0.5,0.5,0.5],[0,0.5,0.5,0.5,0.5,0.5,0.5,0.5,0.5,1,0.3333333333333333,0.5,0.5,0,0.5,0.5,0.5],[0,0.5,1,0.5,0.5,0.5,0.25,0.5,0.5,0.2,0.3333333333333333,0.3333333333333333,0.5,0.2,0,0.5,0.5],[0,0.5,1,0.5,0.5,0.5,0.25,0.5,0.5,0.2,0.3333333333333333,0.3333333333333333,0.5,0.2,0.5,0,0.5],[0,0.5,1,0.5,0.5,0.5,0.5,0.5,0.5,0.3333333333333333,0.3333333333333333,1,0.5,0.3333333333333333,0.5,0.5,0]],"networkGlobalEfficiency":0.49222222222222184}